{
  "features": [
    "daily_screen_time_hours",
    "phone_usage_before_sleep_minutes",
    "sleep_duration_hours",
    "sleep_quality_score",
    "physical_activity_minutes",
    "notifications_received_per_day",
    "stress_level",
    "mental_fatigue_score"
  ],
  "scale_": [
    0.1111111111111111,
    0.008403361344537815,
    0.2,
    0.1111111111111111,
    0.008403361344537815,
    0.0035842293906810036,
    0.1111111111111111,
    0.1111111111111111
  ],
  "min_": [
    -0.1111111111111111,
    0.0,
    -0.8,
    -0.1111111111111111,
    0.0,
    -0.07168458781362007,
    -0.1111111111111111,
    -0.1111111111111111
  ],
  "data_min_": [
    1.0,
    0.0,
    4.0,
    1.0,
    0.0,
    20.0,
    1.0,
    1.0
  ],
  "data_max_": [
    10.0,
    119.0,
    9.0,
    10.0,
    119.0,
    299.0,
    10.0,
    10.0
  ],
  "data_range_": [
    9.0,
    119.0,
    5.0,
    9.0,
    119.0,
    279.0,
    9.0,
    9.0
  ],
  "feature_range": [
    0,
    1
  ]
}